"State","Facility Name","Facility ID","Unit ID","Associated Stacks","Year","Operating Time Count","Sum of the Operating Time","Gross Load (MWh)","Steam Load (1000 lb)","SO2 Mass (short tons)","SO2 Rate (lbs/mmBtu)","CO2 Mass (short tons)","CO2 Rate (short tons/mmBtu)","NOx Mass (short tons)","NOx Rate (lbs/mmBtu)","Heat Input (mmBtu)","Primary Fuel Type","Secondary Fuel Type","Unit Type","SO2 Controls","NOx Controls","PM Controls","Hg Controls","Program Code"
"CA","Moss Landing Power Plant",260,"1A",,2024,4926,4632.36,1057993.53,,2.297,0.001,425481.66,0.0648,39.971,0.0203,7656029.272,"Pipeline Natural Gas",,"Combined cycle",,"Dry Low NOx Burners|Selective Catalytic Reduction",,,"ARP"
"CA","Moss Landing Power Plant",260,"2A",,2024,4553,4254.06,988453.85,,2.129,0.001,394504.585,0.065,37.462,0.0202,7096048.495,"Pipeline Natural Gas",,"Combined cycle",,"Dry Low NOx Burners|Selective Catalytic Reduction",,,"ARP"
"CA","Moss Landing Power Plant",260,"3A",,2024,5290,4958.61,1113582.95,,2.428,0.001,450212.562,0.0651,38.485,0.0186,8092235.611,"Pipeline Natural Gas",,"Combined cycle",,"Dry Low NOx Burners|Selective Catalytic Reduction",,,"ARP"
"CA","Moss Landing Power Plant",260,"4A",,2024,4433,4123.27,952838.89,,2.034,0.001,377186.874,0.0668,36.418,0.0211,6780931.376,"Pipeline Natural Gas",,"Combined cycle",,"Dry Low NOx Burners|Selective Catalytic Reduction",,,"ARP"
"CA","Cabrillo Power I Encina Power Station",302,"10",,2024,673,486.9,32986.1,,0.097,0.001,19120.168,0.0591,1.296,0.0177,321746.779,"Pipeline Natural Gas",,"Combustion turbine",,"Water Injection|Selective Catalytic Reduction",,,"ARP"
"CA","Cabrillo Power I Encina Power Station",302,"6",,2024,1169,864.58,59255.38,,0.173,0.001,34244.87,0.0591,2.361,0.0199,576240.103,"Pipeline Natural Gas",,"Combustion turbine",,"Water Injection|Selective Catalytic Reduction",,,"ARP"
"CA","Cabrillo Power I Encina Power Station",302,"7",,2024,1181,867.61,59858.87,,0.175,0.001,34701.03,0.0591,2.214,0.0183,583907.967,"Pipeline Natural Gas",,"Combustion turbine",,"Water Injection|Selective Catalytic Reduction",,,"ARP"
"CA","Cabrillo Power I Encina Power Station",302,"8",,2024,1074,805.35,57094.68,,0.166,0.001,32919.114,0.0591,2.456,0.0204,553912.197,"Pipeline Natural Gas",,"Combustion turbine",,"Water Injection|Selective Catalytic Reduction",,,"ARP"
"CA","Cabrillo Power I Encina Power Station",302,"9",,2024,1167,865.88,60652.46,,0.175,0.001,34647.676,0.0591,2.207,0.0177,583031.313,"Pipeline Natural Gas",,"Combustion turbine",,"Water Injection|Selective Catalytic Reduction",,,"ARP"
"CA","AES Alamitos",315,"3",,2024,305,305,13940,,0.062,0.001,12366.6,0.0592,1.884,0.0169,208098.5,"Pipeline Natural Gas","Residual Oil","Tangentially-fired",,,,,"ARP"
"CA","AES Alamitos",315,"4",,2024,182,182,7967,,0.037,0.001,7308.8,0.0592,1.425,0.0174,122994.6,"Pipeline Natural Gas","Residual Oil","Tangentially-fired",,,,,"ARP"
"CA","AES Alamitos",315,"5",,2024,155,155,16913,,0.066,0.001,13011.1,0.0591,0.814,0.0148,218937.8,"Pipeline Natural Gas","Residual Oil","Dry bottom wall-fired boiler",,,,,"ARP"
"CA","AES Alamitos",315,"CT1",,2024,4139,3849.66,1212989.43,,2.485,0.001,492328.55,0.059,22.894,0.0093,8284416.091,"Pipeline Natural Gas",,"Combined cycle",,"Dry Low NOx Burners|Selective Catalytic Reduction",,,"ARP"
"CA","AES Alamitos",315,"CT2",,2024,4239,3938.86,1242648.09,,2.536,0.001,502347.718,0.059,23.815,0.0099,8452997.285,"Pipeline Natural Gas",,"Combined cycle",,"Dry Low NOx Burners|Selective Catalytic Reduction",,,"ARP"
"CA","El Segundo",330,"5",,2024,501,449.3,97868.7,,0.25,0.001,49508.715,0.059,2.265,0.0081,833083.302,"Pipeline Natural Gas",,"Combined cycle",,"Dry Low NOx Burners|Selective Catalytic Reduction",,,"ARP"
"CA","El Segundo",330,"7",,2024,438,392.96,83428.15,,0.211,0.001,41813.706,0.059,2.353,0.0095,703600.173,"Pipeline Natural Gas",,"Combined cycle",,"Dry Low NOx Burners|Selective Catalytic Reduction",,,"ARP"
"CA","AES Huntington Beach",335,"2",,2024,169,169,5912,,0.022,0.001,4371.7,0.0594,0.991,0.0688,73556.4,"Pipeline Natural Gas","Residual Oil","Dry bottom wall-fired boiler",,,,,"ARP"
"CA","AES Huntington Beach",335,"CT1",,2024,4226,3960.58,1243287.35,,2.537,0.001,502622.929,0.059,26.489,0.0104,8457639.339,"Pipeline Natural Gas",,"Combined cycle",,"Dry Low NOx Burners|Selective Catalytic Reduction",,,"ARP"
"CA","AES Huntington Beach",335,"CT2",,2024,4152,3893.38,1232378.28,,2.501,0.001,495481.583,0.059,29.827,0.0106,8337411.523,"Pipeline Natural Gas",,"Combined cycle",,"Dry Low NOx Burners|Selective Catalytic Reduction",,,"ARP"
"CA","Long Beach Generating Station",341,"1",,2024,81,66.65,3104.12,,0.015,0.001,2901.216,0.059,0.556,0.0741,48815.666,"Pipeline Natural Gas",,"Combustion turbine",,"Water Injection|Selective Catalytic Reduction",,,"ARP"
"CA","Long Beach Generating Station",341,"2",,2024,72,58.36,2757.84,,0.013,0.001,2616.999,0.059,0.498,0.0727,44040.537,"Pipeline Natural Gas",,"Combustion turbine",,"Water Injection|Selective Catalytic Reduction",,,"ARP"
"CA","Long Beach Generating Station",341,"3",,2024,65,49.14,2294.85,,0.012,0.001,2376.252,0.0591,0.554,0.0847,39981.48,"Pipeline Natural Gas",,"Combustion turbine",,"Water Injection|Selective Catalytic Reduction",,,"ARP"
"CA","Long Beach Generating Station",341,"4",,2024,59,47.33,2216,,0.012,0.001,2330.552,0.0591,0.445,0.0731,39216.06,"Pipeline Natural Gas",,"Combustion turbine",,"Water Injection|Selective Catalytic Reduction",,,"ARP"
"CA","Ormond Beach Power, LLC.",350,"1",,2024,193,183.31,20794.46,,0.087,0.001,17217.079,0.0591,1.858,0.0216,289695.477,"Pipeline Natural Gas",,"Dry bottom wall-fired boiler",,"Selective Catalytic Reduction",,,"ARP"
"CA","Ormond Beach Power, LLC.",350,"2",,2024,229,216.12,20617.13,,0.088,0.001,17515.001,0.0591,1.14,0.0098,294724.894,"Pipeline Natural Gas",,"Dry bottom wall-fired boiler",,"Selective Catalytic Reduction",,,"ARP"
"CA","Mountainview Generating Station",358,"3-1",,2024,3580,3456.07,735640.64,,1.587,0.001,314361.893,0.059,18.001,0.0138,5289729.171,"Pipeline Natural Gas",,"Combined cycle",,"Dry Low NOx Burners|Ammonia Injection|Selective Catalytic Reduction",,,"ARP"
"CA","Mountainview Generating Station",358,"3-2",,2024,3051,2947.93,657789.25,,1.447,0.001,286631.108,0.059,14.344,0.011,4823116.373,"Pipeline Natural Gas",,"Combined cycle",,"Dry Low NOx Burners|Ammonia Injection|Selective Catalytic Reduction",,,"ARP"
"CA","Mountainview Generating Station",358,"4-1",,2024,3124,2990.86,654055.74,,1.398,0.001,276846.556,0.059,17.773,0.0163,4658439.313,"Pipeline Natural Gas",,"Combined cycle",,"Dry Low NOx Burners|Ammonia Injection|Selective Catalytic Reduction",,,"ARP"
"CA","Mountainview Generating Station",358,"4-2",,2024,2475,2372.28,526683.67,,1.115,0.001,220782.11,0.059,11.997,0.0135,3715118.614,"Pipeline Natural Gas",,"Combined cycle",,"Dry Low NOx Burners|Ammonia Injection|Selective Catalytic Reduction",,,"ARP"
"CA","Grayson Power Plant",377,"9",,2024,1601,1380.26,48735.62,,0.156,0.001,28925.33,0.0593,2.415,0.0168,486719.172,"Pipeline Natural Gas",,"Combustion turbine",,"Selective Catalytic Reduction",,,"ARP"
"CA","El Centro",389,"2-2",,2024,2917,2914.33,238257.02,,0.66,0.001,130797.999,0.059,35.796,0.0326,2201019.618,"Pipeline Natural Gas","Diesel Oil","Combined cycle",,"Selective Catalytic Reduction",,,"ARP"
"CA","El Centro",389,"3-1",,2024,7861,7843.6,390213.72,,0.899,0.001,178054.839,0.0592,8.316,0.0057,2996487.148,"Pipeline Natural Gas",,"Combined cycle",,"Dry Low NOx Burners|Selective Catalytic Reduction",,,"ARP"
"CA","El Centro",389,"3-2",,2024,7234,7230.75,358484.99,,0.823,0.001,162970.815,0.0592,6.767,0.0049,2742387.154,"Pipeline Natural Gas",,"Combined cycle",,"Dry Low NOx Burners|Selective Catalytic Reduction",,,"ARP"
"CA","El Centro",389,"4",,2024,3397,3384.37,100800.91,,0.342,0.001,67745.281,0.0593,33.566,0.0601,1139952.351,"Pipeline Natural Gas","Residual Oil","Dry bottom wall-fired boiler",,"Selective Catalytic Reduction",,,"ARP"
"CA","Harbor Generating Station",399,"10",,2024,317,254.47,10410.75,,0.032,0.001,6197.221,0.059,0.606,0.0143,105392.161,"Pipeline Natural Gas","Diesel Oil","Combustion turbine",,"Selective Catalytic Reduction",,,"ARP"
"CA","Harbor Generating Station",399,"**10A",,2024,827,774.01,72285.44,,0.197,0.001,38546.587,0.059,2.421,0.0099,655549.786,"Pipeline Natural Gas","Diesel Oil","Combined cycle",,"Selective Catalytic Reduction",,,"ARP"
"CA","Harbor Generating Station",399,"**10B",,2024,1246,1201.83,111527.82,,0.294,0.001,57544.826,0.059,2.095,0.0065,978628.576,"Pipeline Natural Gas","Diesel Oil","Combined cycle",,"Selective Catalytic Reduction",,,"ARP"
"CA","Harbor Generating Station",399,"11",,2024,471,377.65,15748.46,,0.047,0.001,9242.01,0.059,0.839,0.013,157194.897,"Pipeline Natural Gas","Diesel Oil","Combustion turbine",,"Selective Catalytic Reduction",,,"ARP"
"CA","Harbor Generating Station",399,"12",,2024,451,367.5,14382.8,,0.043,0.001,8518.908,0.059,0.78,0.0135,144897.683,"Pipeline Natural Gas","Diesel Oil","Combustion turbine",,"Selective Catalytic Reduction",,,"ARP"
"CA","Harbor Generating Station",399,"13",,2024,622,509.1,21291.53,,0.063,0.001,12437.918,0.059,1.144,0.013,211550.594,"Pipeline Natural Gas","Diesel Oil","Combustion turbine",,"Selective Catalytic Reduction",,,"ARP"
"CA","Harbor Generating Station",399,"14",,2024,687,564.96,23371.64,,0.069,0.001,13608.913,0.059,1.164,0.0113,231446.342,"Pipeline Natural Gas","Diesel Oil","Combustion turbine",,"Selective Catalytic Reduction",,,"ARP"
"CA","Haynes Generating Station",400,"1",,2024,2092,2079.82,132900.8,,0.445,0.001,86992.814,0.059,0.894,0.0016,1483811.98,"Pipeline Natural Gas",,"Dry bottom wall-fired boiler",,"Selective Catalytic Reduction",,,"ARP"
"CA","Haynes Generating Station",400,"10",,2024,5092,4987.27,1132784.85,,2.381,0.001,465277.263,0.059,25.606,0.008,7936032.671,"Pipeline Natural Gas",,"Combined cycle",,"Dry Low NOx Burners|Selective Catalytic Reduction",,,"ARP"
"CA","Haynes Generating Station",400,"11",,2024,201,164.33,14760.79,,0.041,0.001,7940.036,0.059,0.629,0.0101,135437.477,"Pipeline Natural Gas",,"Combustion turbine",,"Water Injection|Selective Catalytic Reduction",,,"ARP"
"CA","Haynes Generating Station",400,"12",,2024,444,348.75,30447.04,,0.084,0.001,16491.473,0.059,1.315,0.0095,281278.388,"Pipeline Natural Gas",,"Combustion turbine",,"Water Injection|Selective Catalytic Reduction",,,"ARP"
"CA","Haynes Generating Station",400,"13",,2024,312,248.36,22362.92,,0.062,0.001,12026.788,0.059,1.044,0.0109,205127.561,"Pipeline Natural Gas",,"Combustion turbine",,"Water Injection|Selective Catalytic Reduction",,,"ARP"
"CA","Haynes Generating Station",400,"14",,2024,168,141.19,11519.14,,0.032,0.001,6242.104,0.059,0.516,0.0116,106478.603,"Pipeline Natural Gas",,"Combustion turbine",,"Water Injection|Selective Catalytic Reduction",,,"ARP"
"CA","Haynes Generating Station",400,"15",,2024,344,288.44,26815.31,,0.072,0.001,14141.509,0.059,1.132,0.0093,241199.373,"Pipeline Natural Gas",,"Combustion turbine",,"Water Injection|Selective Catalytic Reduction",,,"ARP"
"CA","Haynes Generating Station",400,"16",,2024,532,440.49,39069.72,,0.107,0.001,20866.207,0.0589,1.606,0.0095,355886.104,"Pipeline Natural Gas",,"Combustion turbine",,"Water Injection|Selective Catalytic Reduction",,,"ARP"
"CA","Haynes Generating Station",400,"2",,2024,1,1,0,,0,0.001,7.8,0.059,0.001,0.009,133.2,"Pipeline Natural Gas",,"Dry bottom wall-fired boiler",,"Selective Catalytic Reduction",,,"ARP"
"CA","Haynes Generating Station",400,"9",,2024,5527,5457.99,1193053.28,,2.514,0.001,491375.525,0.059,30.687,0.0083,8381170.715,"Pipeline Natural Gas",,"Combined cycle",,"Dry Low NOx Burners|Selective Catalytic Reduction",,,"ARP"
"CA","Scattergood Generating Station",404,"1",,2024,1309,1293.48,54749.51,,0.206,0.001,40132.539,0.0583,1.126,0.0082,686542.977,"Pipeline Natural Gas","Other Gas","Dry bottom wall-fired boiler",,"Selective Catalytic Reduction",,,"ARP"
"CA","Scattergood Generating Station",404,"2",,2024,1853,1841.95,90473.22,,0.298,0.001,58151.551,0.0583,0.977,0.0028,994755.412,"Pipeline Natural Gas","Other Gas","Dry bottom wall-fired boiler",,"Selective Catalytic Reduction",,,"ARP"
"CA","Scattergood Generating Station",404,"4",,2024,2836,2805.16,754330.42,,1.615,0.001,314766.351,0.058,14.449,0.0057,5384560.972,"Pipeline Natural Gas",,"Combined cycle",,"Selective Catalytic Reduction",,,"ARP"
"CA","Scattergood Generating Station",404,"6",,2024,1702,1464.59,129300.54,,0.355,0.001,69099.839,0.0582,4.787,0.0082,1182072.338,"Pipeline Natural Gas",,"Combustion turbine",,"Water Injection|Selective Catalytic Reduction",,,"ARP"
"CA","Scattergood Generating Station",404,"7",,2024,867,726.75,66198.81,,0.18,0.001,35013.593,0.0582,2.435,0.0082,598974.981,"Pipeline Natural Gas",,"Combustion turbine",,"Water Injection|Selective Catalytic Reduction",,,"ARP"
"CA","Valley Generating Station",408,"5",,2024,722,587.98,23713.49,,0.073,0.001,14222.619,0.059,1.125,0.0105,242535.219,"Pipeline Natural Gas","Diesel Oil","Combustion turbine",,"Selective Catalytic Reduction",,,"ARP"
"CA","Valley Generating Station",408,"6",,2024,3787,3758.9,810153.55,,1.685,0.001,329359.46,0.059,17.723,0.0072,5617676.636,"Pipeline Natural Gas",,"Combined cycle",,"Dry Low NOx Burners|Selective Catalytic Reduction",,,"ARP"
"CA","Valley Generating Station",408,"7",,2024,3609,3493.76,717749.58,,1.524,0.001,297772.204,0.059,21.737,0.0125,5078956.974,"Pipeline Natural Gas",,"Combined cycle",,"Dry Low NOx Burners|Selective Catalytic Reduction",,,"ARP"
"CA","Glenarm",422,"GT3",,2024,802,712.2,16785.56,,0.054,0.0004,11827.539,0.0593,1.608,0.021,199013.698,"Pipeline Natural Gas",,"Combustion turbine",,"Selective Catalytic Reduction",,,"ARP"
"CA","Glenarm",422,"GT4",,2024,750,643.88,15190.92,,0.058,0.0007,11185.74,0.0593,1.613,0.0218,188191.985,"Pipeline Natural Gas",,"Combustion turbine",,"Selective Catalytic Reduction",,,"ARP"
"CA","Glenarm",422,"GT5",,2024,0,0,,,,,,,,,,"Pipeline Natural Gas",,"Combined cycle",,"Water Injection|Selective Catalytic Reduction",,,"ARP"
"CA","Olive",6013,"01",,2024,0,0,,,,,,,,,,"Pipeline Natural Gas",,"Dry bottom wall-fired boiler",,"Low NOx Burner Technology (Dry Bottom only)|Selective Catalytic Reduction",,,"ARP"
"CA","Olive",6013,"02",,2024,0,0,,,,,,,,,,"Pipeline Natural Gas",,"Dry bottom wall-fired boiler",,"Combustion Modification/Fuel Reburning|Selective Catalytic Reduction",,,"ARP"
"CA","Woodland Generation Station",7266,"1",,2024,3964,3875.56,83266.4,,0.305,0.001,60314.095,0.0591,3.767,0.0096,1015178.131,"Pipeline Natural Gas","Diesel Oil","Combustion turbine",,"Water Injection|Selective Catalytic Reduction|Steam Injection",,,"ARP"
"CA","Woodland Generation Station",7266,"2",,2024,5064,5050.92,164090.26,,0.425,0.001,84087.134,0.0593,4.951,0.0071,1414926.21,"Pipeline Natural Gas",,"Combined cycle",,"Water Injection|Selective Catalytic Reduction",,,"ARP"
"CA","Redding Power Plant",7307,"5",,2024,5734,5709.16,188757.11,,0.493,0.001,98107.9,0.0597,2.281,0.0032,1643296.412,"Pipeline Natural Gas",,"Combined cycle",,"Other",,,"ARP"
"CA","Redding Power Plant",7307,"6",,2024,2374,2366.15,85983.5,,0.221,0.001,43711.136,0.0594,0.76,0.0025,735023.701,"Pipeline Natural Gas",,"Combustion turbine",,"Other",,,"ARP"
"CA","Almond Power Plant",7315,"1",,2024,2535,2375.29,78596.05,,0.222,0.001,43971,0.0593,4.366,0.0195,739862.713,"Pipeline Natural Gas",,"Combustion turbine",,"Selective Catalytic Reduction|Steam Injection",,,"ARP"
"CA","Almond Power Plant",7315,"2",,2024,842,643.06,25156.45,,0.075,0.001,14894.434,0.0593,1.249,0.0202,250608.5,"Pipeline Natural Gas",,"Combustion turbine",,"Water Injection|Selective Catalytic Reduction",,,"ARP"
"CA","Almond Power Plant",7315,"3",,2024,307,229.87,8332.16,,0.025,0.001,5030.869,0.0593,0.438,0.0216,84650.2,"Pipeline Natural Gas",,"Combustion turbine",,"Water Injection|Selective Catalytic Reduction",,,"ARP"
"CA","Almond Power Plant",7315,"4",,2024,2448,2160.46,73084.85,,0.23,0.001,45479.274,0.0593,3.686,0.0165,765257.089,"Pipeline Natural Gas",,"Combustion turbine",,"Water Injection|Selective Catalytic Reduction",,,"ARP"
"CA","NCPA Combustion Turbine Project #2",7449,"NA1",,2024,275,223.28,8873.86,,0.023,0.001,4651.515,0.0593,0.632,0.026,78272.354,"Pipeline Natural Gas",,"Combustion turbine",,"Selective Catalytic Reduction",,,"ARP"
"CA","Carson Power Plant",7527,"1",,2024,2579,2561.97,102683.38,,0.269,0.001,52285.799,0.058,3.505,0.0081,896782.067,"Natural Gas","Other Gas","Combined cycle",,"Water Injection|Selective Catalytic Reduction",,,"ARP"
"CA","Carson Power Plant",7527,"2",,2024,267,210.11,4008.54,,0.021,0.001,4098.67,0.0593,0.572,0.025,68979.431,"Natural Gas",,"Combustion turbine",,"Water Injection|Selective Catalytic Reduction",,,"ARP"
"CA","Procter and Gamble Power Plant",7551,"1A",,2024,7550,7521.01,345089.26,,0.854,0.001,169043.956,0.0592,11.171,0.008,2844503.021,"Pipeline Natural Gas",,"Combined cycle",,"Selective Catalytic Reduction",,,"ARP"
"CA","Procter and Gamble Power Plant",7551,"1B",,2024,5921,5895.61,277238.6,,0.739,0.001,146394.786,0.0592,8.474,0.0071,2463338.302,"Pipeline Natural Gas",,"Combined cycle",,"Selective Catalytic Reduction",,,"ARP"
"CA","Procter and Gamble Power Plant",7551,"1C",,2024,476,406.45,17323.17,,0.047,0.001,9398.264,0.0593,0.781,0.0141,158136.156,"Pipeline Natural Gas",,"Combustion turbine",,"Selective Catalytic Reduction",,,"ARP"
"CA","Campbell Power Plant",7552,"1",,2024,5426,5403.71,771332.94,,1.669,0.001,330543.987,0.059,26.147,0.0101,5562023.868,"Pipeline Natural Gas",,"Combined cycle",,"Selective Catalytic Reduction",,,"ARP"
"CA","Lake",7987,"01",,2024,495,408.39,14411.47,,0.045,0.0008,8581.726,0.0593,0.706,0.0103,144398.424,"Pipeline Natural Gas",,"Combustion turbine",,"Water Injection|Selective Catalytic Reduction",,,"ARP"
"CA","Calpine Gilroy Cogen, LP",10034,"S-100",,2024,573,501.78,45053.27,,0.115,0.001,22832.593,0.0591,6.16,0.05,384208.736,"Pipeline Natural Gas",,"Combined cycle",,"Dry Low NOx Burners",,,"ARP"
"CA","Fresno Cogeneration Partners, LP",10156,"GEN1",,2024,140,85.24,2177.69,,0.007,0.001,1438.667,0.0593,0.175,0.0238,24210.458,"Pipeline Natural Gas",,"Combined cycle",,"Water Injection|Selective Catalytic Reduction",,,"ARP"
"CA","Carson Cogeneration Company",10169,"D1",,2024,553,468.65,15939.21,,0.048,0.001,9591.382,0.0592,1.381,0.0606,161405.278,"Pipeline Natural Gas",,"Combined cycle",,"Water Injection|Selective Catalytic Reduction",,,"ARP"
"CA","King City Power Plant",10294,"2",,2024,428,316.54,12378.76,,0.04,0.001,7952.619,0.0593,0.9,0.0218,133818.462,"Pipeline Natural Gas",,"Combustion turbine",,"Dry Low NOx Burners|Water Injection|Ammonia Injection|Selective Catalytic Reduction",,,"ARP"
"CA","King City Power Plant",10294,"GTG",,2024,501,450.09,38198.92,,0.102,0.001,20242.242,0.059,17.913,0.1219,341278.532,"Pipeline Natural Gas",,"Combined cycle",,"Dry Low NOx Burners|Selective Catalytic Reduction",,,"ARP"
"CA","Yuba City Energy Center",10349,"2",,2024,1495,1317.15,40777.83,,0.118,0.001,23419.657,0.0593,10.283,0.1574,394084.995,"Pipeline Natural Gas",,"Combustion turbine",,"Water Injection|Selective Catalytic Reduction",,,"ARP"
"CA","Greenleaf One",10350,"CTGA",,2024,128,94.86,2329.41,,0.007,0.001,1374.56,0.0594,0.091,0.012,23125.442,"Pipeline Natural Gas",,"Combustion turbine",,"Water Injection|Selective Catalytic Reduction",,,"ARP"
"CA","Greenleaf One",10350,"CTGB",,2024,110,78.54,1848.97,,0.005,0.001,1087.973,0.0593,0.078,0.0132,18308.764,"Pipeline Natural Gas",,"Combustion turbine",,"Water Injection|Selective Catalytic Reduction",,,"ARP"
"CA","Kingsburg Cogen Facility",10405,"1",,2024,352,280.37,5363.14,,0.02,0.001,3937.11,0.0594,0.694,0.0266,66249.287,"Pipeline Natural Gas",,"Combined cycle",,"Selective Catalytic Reduction",,,"ARP"
"CA","Bear Mountain Limited",10649,"GT1",,2024,833,748.1,29037.19,,0.081,0.001,16005.976,0.0593,2.399,0.0294,269325.668,"Pipeline Natural Gas",,"Combustion turbine",,"Selective Catalytic Reduction",,,"ARP"
"CA","Badger Creek Limited",10650,"GT1",,2024,421,368.88,13724.86,,0.026,0.001,5099.858,0.0591,1.458,0.0469,85714.866,"Pipeline Natural Gas",,"Combustion turbine",,"Selective Catalytic Reduction",,,"ARP"
"CA","E. F. Oxnard Energy Facility",10776,"GTG",,2024,403,318.25,9959,,1.39,0.027,6072.902,0.0593,0.946,0.0347,102191.879,"Natural Gas",,"Combustion turbine",,"Selective Catalytic Reduction",,,"ARP"
"CA","McKittrick Limited",50612,"GT1",,2024,387,316.27,11191.38,,0.032,0.001,6252.101,0.0592,1.867,0.049,105219.955,"Pipeline Natural Gas",,"Combustion turbine",,"Selective Catalytic Reduction",,,"ARP"
"CA","Salinas River Cogeneration Facility",50865,"1",,2024,7852,7837.85,266971.87,,1.051,0.001,208165.2,0.0592,26.811,0.0154,3502771.764,"Pipeline Natural Gas",,"Combustion turbine",,"Dry Low NOx Burners|Selective Catalytic Reduction",,,"ARP"
"CA","DTE Stockton",54238,"BIOMS1",,2024,7870,7840.99,372326.18,,0.772,0.0006,510661.829,0.1031,106.832,0.0434,4899509.081,"Wood",,"Stoker","Wet Lime FGD","Selective Catalytic Reduction","Electrostatic Precipitator",,"ARP"
"CA","Goal Line",54749,"1",,2024,322,278.64,11822.67,,0.031,0.001,6210.094,0.0592,0.623,0.0206,104498.907,"Pipeline Natural Gas",,"Combined cycle",,"Water Injection|Selective Catalytic Reduction",,,"ARP"
"CA","Live Oak Limited",54768,"GT1",,2024,406,335.49,12120.23,,0.035,0.001,6895.145,0.0591,1.271,0.0356,116026.326,"Pipeline Natural Gas",,"Combustion turbine",,"Selective Catalytic Reduction",,,"ARP"
"CA","Calpine Sutter Energy Center",55112,"CT01",,2024,2779,2703.96,623019.18,,1.278,0.001,253154.178,0.059,20.01,0.0128,4259856.656,"Pipeline Natural Gas",,"Combined cycle",,"Dry Low NOx Burners|Selective Catalytic Reduction",,,"ARP"
"CA","Calpine Sutter Energy Center",55112,"CT02",,2024,5010,4957.94,1127934.65,,2.276,0.001,450808.775,0.059,35.413,0.0109,7585734.527,"Pipeline Natural Gas",,"Combined cycle",,"Dry Low NOx Burners|Selective Catalytic Reduction",,,"ARP"
"CA","La Paloma Generating Plant",55151,"CTG-1",,2024,2988,2829.56,528646.47,,1.153,0.001,228442.908,0.059,13.723,0.0151,3844009.639,"Pipeline Natural Gas",,"Combined cycle",,"Dry Low NOx Burners|Selective Catalytic Reduction",,,"ARP"
"CA","La Paloma Generating Plant",55151,"CTG-2",,2024,4555,4363.42,730088.59,,1.66,0.001,328842.314,0.059,17.486,0.0112,5533482.236,"Pipeline Natural Gas",,"Combined cycle",,"Dry Low NOx Burners|Selective Catalytic Reduction",,,"ARP"
"CA","La Paloma Generating Plant",55151,"CTG-3",,2024,2757,2698.97,416958.91,,0.948,0.001,187777.215,0.059,11.48,0.01,3159703.297,"Pipeline Natural Gas",,"Combined cycle",,"Dry Low NOx Burners|Selective Catalytic Reduction",,,"ARP"
"CA","La Paloma Generating Plant",55151,"CTG-4",,2024,3272,3161.31,505481.39,,1.154,0.001,228677.497,0.059,10.297,0.0089,3847999.511,"Pipeline Natural Gas",,"Combined cycle",,"Dry Low NOx Burners|Selective Catalytic Reduction",,,"ARP"
"CA","Sunrise Power Company",55182,"CTG1",,2024,5787,5582.57,1379687.73,,2.855,0.001,565531.381,0.059,29.671,0.0083,9516204.141,"Pipeline Natural Gas",,"Combined cycle",,"Selective Catalytic Reduction|Dry Low NOx Burners",,,"ARP"
"CA","Sunrise Power Company",55182,"CTG2",,2024,5525,5306.97,1337633.35,,2.749,0.001,544432.876,0.059,25.287,0.0082,9161616.611,"Pipeline Natural Gas",,"Combined cycle",,"Selective Catalytic Reduction|Dry Low NOx Burners",,,"ARP"
"CA","Los Medanos Energy Center, LLC",55217,"X724",,2024,7257,7228.76,1885387.42,,3.915,0.001,775569.911,0.059,46.915,0.0079,13050426.214,"Pipeline Natural Gas",,"Combined cycle",,"Selective Catalytic Reduction",,,"ARP"
"CA","Los Medanos Energy Center, LLC",55217,"X725",,2024,6757,6672.73,1752896.13,,3.6,0.001,713149.654,0.059,45.445,0.0097,12000201.114,"Pipeline Natural Gas",,"Combined cycle",,"Selective Catalytic Reduction",,,"ARP"
"CA","Blythe Energy",55295,"1",,2024,1959,1873.22,384464.64,,0.879,0.001,174018.42,0.059,12.921,0.0135,2928208.809,"Pipeline Natural Gas",,"Combined cycle",,"Selective Catalytic Reduction",,,"ARP"
"CA","Blythe Energy",55295,"2",,2024,1520,1440.9,289476.87,,0.665,0.001,131666.162,0.059,11.259,0.0192,2215505.91,"Pipeline Natural Gas",,"Combined cycle",,"Selective Catalytic Reduction",,,"ARP"
"CA","Delta Energy Center, LLC",55333,"1",,2024,4342,4293.09,1136432.4,,2.355,0.001,466479.929,0.059,32.734,0.0098,7849370.386,"Pipeline Natural Gas",,"Combined cycle",,"Ammonia Injection",,,"ARP"
"CA","Delta Energy Center, LLC",55333,"2",,2024,4090,4040.37,1050376.04,,2.158,0.001,427510.345,0.059,30.604,0.0099,7193707.435,"Pipeline Natural Gas",,"Combined cycle",,"Ammonia Injection",,,"ARP"
"CA","Delta Energy Center, LLC",55333,"3",,2024,3958,3883.31,1011900.25,,2.129,0.001,421664.981,0.059,30.498,0.0107,7095295.928,"Pipeline Natural Gas",,"Combined cycle",,"Ammonia Injection",,,"ARP"
"CA","Otay Mesa Energy Center, LLC",55345,"CTG-1",,2024,5208,5090.89,1214086.04,,2.541,0.001,503403.991,0.059,23.95,0.0077,8470796.34,"Pipeline Natural Gas",,"Combined cycle",,"Dry Low NOx Burners|Selective Catalytic Reduction",,,"ARP"
"CA","Otay Mesa Energy Center, LLC",55345,"CTG-2",,2024,5095,4943.7,1198182.12,,2.496,0.001,494504.672,0.059,25.45,0.0089,8320966.602,"Pipeline Natural Gas",,"Combined cycle",,"Dry Low NOx Burners|Selective Catalytic Reduction",,,"ARP"
"CA","Metcalf Energy Center",55393,"1",,2024,5426,5347.49,1393144.49,,2.954,0.001,585164.729,0.059,34.934,0.0082,9846583.65,"Pipeline Natural Gas",,"Combined cycle",,"Dry Low NOx Burners|Selective Catalytic Reduction",,,"ARP"
"CA","Metcalf Energy Center",55393,"2",,2024,5648,5600.7,1469786.5,,3.148,0.001,623666.267,0.059,34.582,0.0071,10494331.26,"Pipeline Natural Gas",,"Combined cycle",,"Dry Low NOx Burners|Selective Catalytic Reduction",,,"ARP"
"CA","Elk Hills Power",55400,"CTG-1",,2024,4712,4695.7,1093187.4,,2.092,0.001,414454.312,0.059,27.12,0.0097,6974064.226,"Pipeline Natural Gas",,"Combined cycle",,"Dry Low NOx Burners|Selective Catalytic Reduction",,,"ARP"
"CA","Elk Hills Power",55400,"CTG-2",,2024,4705,4676.29,1100883.26,,2.084,0.001,412885.228,0.059,22.898,0.0084,6947588.725,"Pipeline Natural Gas",,"Combined cycle",,"Dry Low NOx Burners|Selective Catalytic Reduction",,,"ARP"
"CA","CalPeak Power - Vaca Dixon",55499,"GT-1",,2024,144,92.57,3601.24,,0.012,0.001,2294.876,0.058,0.253,0.0198,39411.723,"Pipeline Natural Gas",,"Combustion turbine",,"Dry Low NOx Burners|Ammonia Injection|Selective Catalytic Reduction",,,"ARP"
"CA","CalPeak Power - Panoche",55508,"GT-1",,2024,357,270.79,10734.38,,0.035,0.001,6786.368,0.059,0.56,0.0098,115633.727,"Pipeline Natural Gas",,"Combustion turbine",,"Dry Low NOx Burners|Ammonia Injection|Selective Catalytic Reduction",,,"ARP"
"CA","CalPeak Power - Border",55510,"GT-1",,2024,603,429.5,15404.43,,0.05,0.001,9699.366,0.059,1.058,0.0151,165094.238,"Pipeline Natural Gas",,"Combustion turbine",,"Dry Low NOx Burners|Ammonia Injection|Selective Catalytic Reduction",,,"ARP"
"CA","Cuyamaca Peak Energy",55512,"GT-1",,2024,248,178.07,6079.88,,0.02,0.001,3934.352,0.0585,0.354,0.0135,67235.983,"Pipeline Natural Gas",,"Combustion turbine",,"Dry Low NOx Burners|Ammonia Injection|Selective Catalytic Reduction",,,"ARP"
"CA","CalPeak Power - Enterprise",55513,"GT-1",,2024,232,164.39,6326.11,,0.021,0.001,4066.364,0.0586,0.431,0.0156,69481.133,"Pipeline Natural Gas",,"Combustion turbine",,"Dry Low NOx Burners|Ammonia Injection|Selective Catalytic Reduction",,,"ARP"
"CA","High Desert Power Project",55518,"CTG1",,2024,6156,5995.19,1578279.26,,3.342,0.001,662022.053,0.059,35.346,0.0084,11139822.98,"Pipeline Natural Gas",,"Combined cycle",,"Selective Catalytic Reduction",,,"ARP"
"CA","High Desert Power Project",55518,"CTG2",,2024,6106,5960.44,1571258.7,,3.309,0.001,655412.473,0.059,38.29,0.0088,11028605.603,"Pipeline Natural Gas",,"Combined cycle",,"Selective Catalytic Reduction",,,"ARP"
"CA","High Desert Power Project",55518,"CTG3",,2024,6203,6045.6,1590667.31,,3.384,0.001,670258.299,0.059,40.861,0.0097,11278423.453,"Pipeline Natural Gas",,"Combined cycle",,"Selective Catalytic Reduction",,,"ARP"
"CA","Escondido Energy Center, LLC",55538,"CTG1",,2024,310,229.42,9551.15,,0.024,0.001,4793.43,0.0593,0.44,0.0226,80657.237,"Pipeline Natural Gas",,"Combustion turbine",,"Water Injection",,,"ARP"
"CA","Chula Vista Energy Center",55540,"1A","CS001",2024,111,61.84,875.77,,0.004,0.001,886.455,0.0594,0.418,0.0588,14914.751,"Pipeline Natural Gas",,"Combustion turbine",,"Dry Low NOx Burners|Selective Catalytic Reduction|Water Injection",,,"ARP"
"CA","Chula Vista Energy Center",55540,"1B","CS001",2024,111,61.88,872.34,,0.004,0.001,879.737,0.0593,0.416,0.0588,14813.596,"Pipeline Natural Gas",,"Combustion turbine",,"Dry Low NOx Burners|Selective Catalytic Reduction|Water Injection",,,"ARP"
"CA","Indigo Generation Facility",55541,"1",,2024,313,226.14,8688.73,,0.027,0.001,5337.443,0.0593,0.88,0.0291,89807.97,"Pipeline Natural Gas",,"Combustion turbine",,"Water Injection|Selective Catalytic Reduction",,,"ARP"
"CA","Indigo Generation Facility",55541,"2",,2024,274,208.37,7948.87,,0.025,0.001,4882.011,0.0592,0.816,0.0255,82147.128,"Pipeline Natural Gas",,"Combustion turbine",,"Selective Catalytic Reduction",,,"ARP"
"CA","Indigo Generation Facility",55541,"3",,2024,309,230.46,9026.16,,0.028,0.001,5532.694,0.0593,0.764,0.0212,93092.412,"Pipeline Natural Gas",,"Combustion turbine",,"Selective Catalytic Reduction",,,"ARP"
"CA","Larkspur Energy Faciity",55542,"1",,2024,468,353.02,13789.68,,0.043,0.001,8528.842,0.0593,0.878,0.0235,143511.795,"Pipeline Natural Gas","Diesel Oil","Combustion turbine",,"Selective Catalytic Reduction",,,"ARP"
"CA","Larkspur Energy Faciity",55542,"2",,2024,393,284.22,11516.94,,0.037,0.001,7272.403,0.0592,0.846,0.0272,122360.798,"Pipeline Natural Gas","Diesel Oil","Combustion turbine",,"Selective Catalytic Reduction",,,"ARP"
"CA","Creed Energy Center",55625,"UNIT1",,2024,265,184.44,6605.79,,0.021,0.001,4166.287,0.0593,0.632,0.0444,70111.069,"Pipeline Natural Gas",,"Combustion turbine",,"Ammonia Injection|Selective Catalytic Reduction",,,"ARP"
"CA","Lambie Energy Center",55626,"UNIT1",,2024,337,262.69,10190.36,,0.032,0.001,6324.723,0.0592,0.951,0.0373,106427.422,"Pipeline Natural Gas",,"Combustion turbine",,"Ammonia Injection|Selective Catalytic Reduction",,,"ARP"
"CA","Goose Haven Energy Center",55627,"UNIT1",,2024,442,338.83,13362.06,,0.042,0.001,8244.071,0.0593,1.191,0.0395,138711.61,"Pipeline Natural Gas",,"Combustion turbine",,"Water Injection|Ammonia Injection|Selective Catalytic Reduction",,,"ARP"
"CA","Pastoria Energy Facility",55656,"CT001",,2024,6275,6065.92,1237844.49,,3.276,0.001,648889.343,0.059,32.904,0.0081,10918821.147,"Pipeline Natural Gas",,"Combined cycle",,"Dry Low NOx Burners|Selective Catalytic Reduction",,,"ARP"
"CA","Pastoria Energy Facility",55656,"CT002",,2024,5798,5595.37,1162590.42,,3.034,0.001,600941.077,0.059,28.382,0.0073,10112004.518,"Pipeline Natural Gas",,"Combined cycle",,"Dry Low NOx Burners|Selective Catalytic Reduction",,,"ARP"
"CA","Pastoria Energy Facility",55656,"CT004",,2024,5714,5573.66,1294028.08,,2.912,0.001,576896.036,0.059,34.247,0.0092,9707349.68,"Pipeline Natural Gas",,"Combined cycle",,"Dry Low NOx Burners|Selective Catalytic Reduction",,,"ARP"
"CA","Hanford Energy Park Peaker",55698,"HEP1",,2024,159,126,3997.63,,0.012,0.001,2378.587,0.0593,0.297,0.0239,40015.903,"Pipeline Natural Gas",,"Combustion turbine",,"Water Injection|Selective Catalytic Reduction",,,"ARP"
"CA","Hanford Energy Park Peaker",55698,"HEP2",,2024,140,109.02,3538.86,,0.011,0.001,2089.788,0.0593,0.237,0.0197,35167.086,"Pipeline Natural Gas",,"Combustion turbine",,"Water Injection|Selective Catalytic Reduction",,,"ARP"
"CA","Los Esteros Critical Energy Facility",55748,"CTG1",,2024,1385,1288.34,72283.74,,0.179,0.001,35482.82,0.0592,1.861,0.0093,597086.959,"Pipeline Natural Gas",,"Combined cycle",,"Water Injection|Selective Catalytic Reduction",,,"ARP"
"CA","Los Esteros Critical Energy Facility",55748,"CTG2",,2024,950,866.49,49208.46,,0.121,0.001,23934.264,0.0592,1.336,0.0106,402736.946,"Pipeline Natural Gas",,"Combined cycle",,"Water Injection|Selective Catalytic Reduction",,,"ARP"
"CA","Los Esteros Critical Energy Facility",55748,"CTG3",,2024,1219,1121.88,63258.91,,0.158,0.001,31309.241,0.0592,1.649,0.0092,526853.52,"Pipeline Natural Gas",,"Combined cycle",,"Water Injection|Selective Catalytic Reduction",,,"ARP"
"CA","Los Esteros Critical Energy Facility",55748,"CTG4",,2024,1270,1165.85,66912.01,,0.167,0.001,33133.018,0.0591,1.76,0.0088,557545.063,"Pipeline Natural Gas",,"Combined cycle",,"Water Injection|Selective Catalytic Reduction",,,"ARP"
"CA","Henrietta Peaker Plant",55807,"HPP1",,2024,207,167.35,5555.07,,0.017,0.001,3310.145,0.0593,0.442,0.033,55703.185,"Pipeline Natural Gas",,"Combustion turbine",,"Water Injection|Selective Catalytic Reduction",,,"ARP"
"CA","Henrietta Peaker Plant",55807,"HPP2",,2024,158,123.67,4626.64,,0.013,0.001,2577.334,0.0592,0.329,0.0358,43386.169,"Pipeline Natural Gas",,"Combustion turbine",,"Water Injection|Selective Catalytic Reduction",,,"ARP"
"CA","Gilroy Energy Center, LLC",55810,"S-3",,2024,430,307.99,9940.25,,0.027,0.001,5427.501,0.0593,1.162,0.0553,91341.542,"Pipeline Natural Gas",,"Combustion turbine",,"Water Injection|Ammonia Injection|Selective Catalytic Reduction",,,"ARP"
"CA","Gilroy Energy Center, LLC",55810,"S-4",,2024,314,218.73,7292.57,,0.03,0.001,5944.455,0.0591,1.386,0.0438,100025.844,"Pipeline Natural Gas",,"Combustion turbine",,"Water Injection|Ammonia Injection|Selective Catalytic Reduction",,,"ARP"
"CA","Gilroy Energy Center, LLC",55810,"S-5",,2024,314,215.49,7193.13,,0.022,0.001,4374.733,0.0593,0.912,0.0462,73613.29,"Pipeline Natural Gas",,"Combustion turbine",,"Water Injection|Ammonia Injection|Selective Catalytic Reduction",,,"ARP"
"CA","Feather River Energy Center",55847,"UNIT1",,2024,1785,1560.6,48361.99,,0.163,0.001,32225.846,0.0593,13.869,0.1737,542267.357,"Pipeline Natural Gas",,"Combustion turbine",,"Water Injection|Selective Catalytic Reduction",,,"ARP"
"CA","Wolfskill Energy Center",55855,"UNIT1",,2024,288,214.88,7722.9,,0.025,0.001,4900.054,0.0593,0.748,0.0421,82445.672,"Pipeline Natural Gas",,"Combustion turbine",,"Water Injection|Ammonia Injection|Selective Catalytic Reduction",,,"ARP"
"CA","Tracy Combined Cycle Power Plant",55933,"TPP1",,2024,4212,4074.88,532855.42,,1.298,0.001,257096.225,0.059,25.085,0.0182,4326080.202,"Pipeline Natural Gas",,"Combined cycle",,"Selective Catalytic Reduction|Dry Low NOx Burners",,,"ARP"
"CA","Tracy Combined Cycle Power Plant",55933,"TPP2",,2024,4100,3961.81,516666.24,,1.26,0.001,249531.479,0.059,24.371,0.0184,4198843.572,"Pipeline Natural Gas",,"Combined cycle",,"Selective Catalytic Reduction|Dry Low NOx Burners",,,"ARP"
"CA","Agua Mansa Power",55951,"AMP-1",,2024,287,243.75,9338,,0.029,0.001,5791.35,0.0592,0.82,0.0326,97443.275,"Pipeline Natural Gas",,"Combustion turbine",,"Water Injection|Selective Catalytic Reduction",,,"ARP"
"CA","Riverview Energy Center",55963,"1",,2024,704,555.32,22299.79,,0.069,0.001,13732.075,0.0592,1.997,0.0332,231078.775,"Pipeline Natural Gas",,"Combustion turbine",,"Ammonia Injection|Selective Catalytic Reduction",,,"ARP"
"CA","Cosumnes Power Plant",55970,"2",,2024,7636,7629.42,1984035.91,,4.095,0.001,823774.862,0.0602,38.821,0.0058,13649774.074,"Other Gas",,"Combined cycle",,"Dry Low NOx Burners|Selective Catalytic Reduction",,,"ARP"
"CA","Cosumnes Power Plant",55970,"3",,2024,7594,7585.5,1969135.93,,4.043,0.001,813236.307,0.0602,34.328,0.0051,13475035.472,"Other Gas",,"Combined cycle",,"Dry Low NOx Burners|Selective Catalytic Reduction",,,"ARP"
"CA","Palomar Energy Center",55985,"CTG1",,2024,1872,1788.05,415916.37,,0.881,0.001,174534.868,0.059,12.249,0.0126,2936880.78,"Pipeline Natural Gas",,"Combined cycle",,"Dry Low NOx Burners|Selective Catalytic Reduction",,,"ARP"
"CA","Palomar Energy Center",55985,"CTG2",,2024,2346,2241.74,521373.27,,1.103,0.001,218523.338,0.059,13.269,0.0111,3677030.384,"Pipeline Natural Gas","Other Gas","Combined cycle",,"Dry Low NOx Burners|Selective Catalytic Reduction",,,"ARP"
"CA","Donald Von Raesfeld",56026,"PCT1",,2024,7276,7214.7,457557.1,,1.062,0.001,210355.66,0.0592,11.717,0.0071,3539662.218,"Pipeline Natural Gas",,"Combined cycle",,"Dry Low NOx Burners|Water Injection|Selective Catalytic Reduction",,,"ARP"
"CA","Donald Von Raesfeld",56026,"PCT2",,2024,7330,7268.63,458815.17,,1.08,0.001,213954.44,0.0591,11.935,0.0073,3600213.648,"Pipeline Natural Gas",,"Combined cycle",,"Dry Low NOx Burners|Water Injection|Selective Catalytic Reduction",,,"ARP"
"CA","Malburg Generating Station",56041,"M1",,2024,5172,5154.36,197060.28,,0.489,0.001,96865.555,0.0593,5.873,0.0078,1629931.257,"Pipeline Natural Gas",,"Combined cycle",,"Dry Low NOx Burners|Selective Catalytic Reduction",,,"ARP"
"CA","Malburg Generating Station",56041,"M2",,2024,4328,4313.62,174344.52,,0.435,0.001,86113.377,0.0593,5.839,0.0085,1449055.665,"Pipeline Natural Gas",,"Combined cycle",,"Dry Low NOx Burners|Selective Catalytic Reduction",,,"ARP"
"CA","Magnolia Power Project",56046,"1",,2024,8328,8323.19,1610957.45,,3.518,0.001,697417.093,0.059,29.882,0.0053,11735435.405,"Pipeline Natural Gas",,"Combined cycle",,"Dry Low NOx Burners|Selective Catalytic Reduction",,,"ARP"
"CA","Walnut Energy Center",56078,"1",,2024,7664,7651.62,813459.28,,1.98,0.001,392205.499,0.059,25.051,0.0079,6599463.002,"Pipeline Natural Gas",,"Combined cycle",,"Dry Low NOx Burners|Ammonia Injection|Selective Catalytic Reduction",,,"ARP"
"CA","Walnut Energy Center",56078,"2",,2024,7197,7187.38,766092.42,,1.857,0.001,367760.487,0.059,20.615,0.0069,6188274.43,"Pipeline Natural Gas",,"Combined cycle",,"Dry Low NOx Burners|Ammonia Injection|Selective Catalytic Reduction",,,"ARP"
"CA","Ripon Generation Station",56135,"1",,2024,283,215.95,5841.32,,0.021,0.001,4123.497,0.0593,0.483,0.0427,69386.958,"Pipeline Natural Gas",,"Combustion turbine",,"Water Injection|Selective Catalytic Reduction",,,"ARP"
"CA","Ripon Generation Station",56135,"2",,2024,220,168.35,4929.31,,0.015,0.001,2929.64,0.0593,0.401,0.0465,49307.615,"Pipeline Natural Gas",,"Combustion turbine",,"Water Injection|Selective Catalytic Reduction",,,"ARP"
"CA","Riverside Energy Resource Center",56143,"1",,2024,510,385.45,15431.98,,0.046,0.001,9101.252,0.0592,0.747,0.0157,153159.215,"Pipeline Natural Gas",,"Combustion turbine",,"Water Injection|Selective Catalytic Reduction",,,"ARP"
"CA","Riverside Energy Resource Center",56143,"2",,2024,622,477.61,20599.86,,0.064,0.001,12587.787,0.0592,0.938,0.0153,211805.656,"Pipeline Natural Gas",,"Combustion turbine",,"Water Injection|Selective Catalytic Reduction",,,"ARP"
"CA","Riverside Energy Resource Center",56143,"3",,2024,687,536.48,23886.89,,0.07,0.001,13920.756,0.0592,1.098,0.0184,234227.51,"Pipeline Natural Gas",,"Combustion turbine",,"Water Injection|Selective Catalytic Reduction",,,"ARP"
"CA","Riverside Energy Resource Center",56143,"4",,2024,526,400.28,16589.07,,0.049,0.001,9662.959,0.0592,0.797,0.015,162603.214,"Pipeline Natural Gas",,"Combustion turbine",,"Water Injection|Selective Catalytic Reduction",,,"ARP"
"CA","Miramar Energy Facility",56232,"1",,2024,182,139.52,5675.41,,0.017,0.001,3348.28,0.0593,0.556,0.0397,56347.826,"Pipeline Natural Gas",,"Combustion turbine",,"Water Injection|Selective Catalytic Reduction",,,"ARP"
"CA","Miramar Energy Facility",56232,"2",,2024,164,125.82,5200.99,,0.016,0.001,3079.521,0.0592,0.495,0.0325,51818.064,"Pipeline Natural Gas",,"Combustion turbine",,"Water Injection|Selective Catalytic Reduction",,,"ARP"
"CA","Malaga Power",56239,"GT-1",,2024,349,230.85,7014.85,,0.021,0.001,4179.545,0.0594,0.639,0.0436,70324.8,"Pipeline Natural Gas",,"Combustion turbine",,"Selective Catalytic Reduction",,,"ARP"
"CA","Malaga Power",56239,"GT-2",,2024,364,254.16,7677.12,,0.023,0.001,4552.583,0.0593,0.651,0.0437,76618.863,"Pipeline Natural Gas",,"Combustion turbine",,"Selective Catalytic Reduction",,,"ARP"
"CA","Roseville Energy Park",56298,"CT001",,2024,6539,6520.75,346404.22,,0.823,0.001,163069.034,0.0592,7.123,0.0054,2744034.872,"Pipeline Natural Gas",,"Combined cycle",,"Dry Low NOx Burners|Selective Catalytic Reduction",,,"ARP"
"CA","Roseville Energy Park",56298,"CT002",,2024,4260,4229.46,223560.43,,0.554,0.001,109718.995,0.0592,5.915,0.0072,1846166.724,"Pipeline Natural Gas",,"Combined cycle",,"Dry Low NOx Burners|Selective Catalytic Reduction",,,"ARP"
"CA","Roseville Energy Park",56298,"CT005",,2024,53,37.16,956.4,,0.003,0.001,585.107,0.0594,0.05,0.0205,9844.698,"Pipeline Natural Gas",,"Combustion turbine",,"Water Injection|Selective Catalytic Reduction",,,"ARP"
"CA","Roseville Energy Park",56298,"CT006",,2024,59,44.23,1148.96,,0.003,0.001,686.436,0.0593,0.075,0.035,11553.179,"Pipeline Natural Gas",,"Combustion turbine",,"Water Injection|Selective Catalytic Reduction",,,"ARP"
"CA","Russell City Energy Company LLC",56467,"CT1",,2024,3180,3081.11,760153.9,,1.659,0.001,328687.125,0.059,31.072,0.013,5530826.92,"Pipeline Natural Gas",,"Combined cycle",,"Dry Low NOx Burners|Selective Catalytic Reduction",,,"ARP"
"CA","Russell City Energy Company LLC",56467,"CT2",,2024,2742,2635.3,651936.98,,1.398,0.001,276971.347,0.059,20.042,0.0116,4660591.63,"Pipeline Natural Gas",,"Combined cycle",,"Dry Low NOx Burners|Selective Catalytic Reduction",,,"ARP"
"CA","McGrath Generating Station",56471,"CT1",,2024,270,205.81,8488.54,,0.025,0.001,4969.532,0.0593,0.416,0.0169,83619.412,"Pipeline Natural Gas",,"Combustion turbine",,"Dry Low NOx Burners|Selective Catalytic Reduction",,,"ARP"
"CA","Grapeland Generating Station",56472,"CT1",,2024,423,232.96,6656.57,,0.022,0.001,4359.232,0.0593,0.485,0.027,73345.525,"Pipeline Natural Gas",,"Combustion turbine",,"Dry Low NOx Burners",,,"ARP"
"CA","Mira Loma Generating Station",56473,"CT1",,2024,381,290.57,12220.78,,0.035,0.001,7023.353,0.0592,0.469,0.0155,118179.36,"Pipeline Natural Gas",,"Combustion turbine",,"Dry Low NOx Burners|Water Injection|Selective Catalytic Reduction",,,"ARP"
"CA","Barre Generating Station",56474,"CT1",,2024,451,341.82,13734.13,,0.04,0.001,8010.654,0.0592,0.482,0.0118,134787.8,"Pipeline Natural Gas",,"Combustion turbine",,"Dry Low NOx Burners|Water Injection|Selective Catalytic Reduction",,,"ARP"
"CA","Center Generating Station",56475,"CT1",,2024,455,292.37,9209.77,,0.029,0.001,5647.641,0.0593,0.545,0.0213,95034.442,"Pipeline Natural Gas",,"Combustion turbine",,"Dry Low NOx Burners",,,"ARP"
"CA","Gateway Generating Station",56476,"GT1",,2024,6103,6002.64,1455854.83,,3.133,0.001,620660.128,0.059,34.448,0.0089,10443789.876,"Pipeline Natural Gas",,"Combined cycle",,"Dry Low NOx Burners|Selective Catalytic Reduction",,,"ARP"
"CA","Gateway Generating Station",56476,"GT2",,2024,6251,6162.99,1461759.92,,3.099,0.001,613791.486,0.059,36.363,0.0102,10328200.64,"Pipeline Natural Gas",,"Combined cycle",,"Dry Low NOx Burners|Selective Catalytic Reduction",,,"ARP"
"CA","Colusa Generating Station",56532,"CT1",,2024,5533,5447.75,1493445.14,,3.23,0.001,639727.074,0.059,24.509,0.007,10764660.731,"Pipeline Natural Gas",,"Combined cycle",,"Dry Low NOx Burners|Selective Catalytic Reduction",,,"ARP"
"CA","Colusa Generating Station",56532,"CT2",,2024,5236,5148.02,1430913.2,,3.074,0.001,608853.165,0.0589,24.538,0.0072,10245148.308,"Pipeline Natural Gas",,"Combined cycle",,"Dry Low NOx Burners|Selective Catalytic Reduction",,,"ARP"
"CA","Niland Gas Turbine Plant",56569,"1",,2024,1112,868.51,35630.6,,0.099,0.001,19596.114,0.0592,1.542,0.0166,329763.873,"Pipeline Natural Gas",,"Combustion turbine",,"Dry Low NOx Burners|Selective Catalytic Reduction",,,"ARP"
"CA","Niland Gas Turbine Plant",56569,"2",,2024,718,578.49,24052.27,,0.068,0.001,13517.352,0.059,1.044,0.0178,227462.251,"Pipeline Natural Gas",,"Combustion turbine",,"Dry Low NOx Burners|Selective Catalytic Reduction",,,"ARP"
"CA","Midway Peaking",56639,"1",,2024,256,186.72,8322.01,,0.028,0.001,5605.228,0.0591,0.748,0.0218,94317.728,"Pipeline Natural Gas",,"Combustion turbine",,"Water Injection|Ammonia Injection|Selective Catalytic Reduction",,,"ARP"
"CA","Midway Peaking",56639,"2",,2024,227,162.08,7677.9,,0.026,0.001,5215.178,0.0592,0.615,0.0193,87754.89,"Pipeline Natural Gas",,"Combustion turbine",,"Water Injection|Ammonia Injection|Selective Catalytic Reduction",,,"ARP"
"CA","Panoche Energy Center",56803,"1",,2024,3663,3331.71,321144.39,,0.849,0.001,165838.175,0.059,13.146,0.012,2828823.721,"Pipeline Natural Gas",,"Combustion turbine",,"Water Injection|Selective Catalytic Reduction",,,"ARP"
"CA","Panoche Energy Center",56803,"2",,2024,4298,3937.79,383182.36,,1.025,0.001,200309.826,0.059,16.109,0.0119,3416391.671,"Pipeline Natural Gas",,"Combustion turbine",,"Water Injection|Selective Catalytic Reduction",,,"ARP"
"CA","Panoche Energy Center",56803,"3",,2024,3913,3543.27,338124.8,,0.899,0.001,175664.186,0.059,14.097,0.0121,2995947.697,"Pipeline Natural Gas",,"Combustion turbine",,"Water Injection|Selective Catalytic Reduction",,,"ARP"
"CA","Panoche Energy Center",56803,"4",,2024,3600,3276.66,311315.77,,0.834,0.001,162974.839,0.059,12.659,0.0112,2778964.917,"Pipeline Natural Gas",,"Combustion turbine",,"Water Injection|Selective Catalytic Reduction",,,"ARP"
"CA","Orange Grove Project",56914,"CTG1",,2024,374,286.56,11608.47,,0.035,0.001,6964.713,0.0592,0.582,0.015,117192.116,"Pipeline Natural Gas",,"Combustion turbine",,"Water Injection|Ammonia Injection|Selective Catalytic Reduction",,,"ARP"
"CA","Orange Grove Project",56914,"CTG2",,2024,423,317.54,13055.2,,0.039,0.001,7731.588,0.0592,0.667,0.0147,130111.45,"Pipeline Natural Gas",,"Combustion turbine",,"Water Injection|Ammonia Injection|Selective Catalytic Reduction",,,"ARP"
"CA","El Cajon Energy Center",57001,"1",,2024,365,265.11,9387.55,,0.03,0.001,5844.925,0.0593,1.004,0.0362,98357.305,"Pipeline Natural Gas",,"Combustion turbine",,"Water Injection|Selective Catalytic Reduction",,,"ARP"
"CA","Canyon Power Plant",57027,"1",,2024,85,49.01,2066.73,,0.006,0.0009,1271.793,0.0593,0.097,0.0219,21403.218,"Pipeline Natural Gas",,"Combustion turbine",,"Water Injection|Ammonia Injection",,,"ARP"
"CA","Canyon Power Plant",57027,"2",,2024,682,531.52,22416.21,,0.067,0.001,13360.24,0.0592,0.873,0.0121,224829.662,"Pipeline Natural Gas",,"Combustion turbine",,"Water Injection|Ammonia Injection",,,"ARP"
"CA","Canyon Power Plant",57027,"3",,2024,686,536.29,23268.55,,0.07,0.001,13839.61,0.0592,0.882,0.0098,232880.548,"Pipeline Natural Gas",,"Combustion turbine",,"Water Injection|Ammonia Injection",,,"ARP"
"CA","Canyon Power Plant",57027,"4",,2024,980,762.52,33477.79,,0.101,0.001,19938.062,0.0592,1.324,0.0143,335487.998,"Pipeline Natural Gas",,"Combustion turbine",,"Water Injection|Ammonia Injection",,,"ARP"
"CA","Ivanpah 2",57073,"BLR1",,2024,6447,6447,,,0.098,0.0002,26788.3,0.0584,2.489,0.0105,454677.8,"Pipeline Natural Gas",,"Other boiler",,,,,"ARP"
"CA","Ivanpah 1",57074,"BLR1",,2024,5103,5103,,,0.084,0.0002,22085.9,0.0592,2.055,0.0108,374094.7,"Pipeline Natural Gas",,"Other boiler",,,,,"ARP"
"CA","Ivanpah 3",57075,"BLR1",,2024,7309,7309,,,0.092,0.0002,26502.2,0.0587,2.469,0.0108,449552,"Pipeline Natural Gas",,"Other boiler",,,,,"ARP"
"CA","Marsh Landing Generating Station",57267,"1",,2024,214,174.87,29311.48,,0.097,0.001,19145.464,0.059,1.344,0.0139,322145.121,"Pipeline Natural Gas",,"Combustion turbine",,"Dry Low NOx Burners|Selective Catalytic Reduction",,,"ARP"
"CA","Marsh Landing Generating Station",57267,"2",,2024,353,298.78,51040.39,,0.168,0.001,33302.229,0.059,2.271,0.0125,560367.066,"Pipeline Natural Gas",,"Combustion turbine",,"Dry Low NOx Burners|Selective Catalytic Reduction",,,"ARP"
"CA","Marsh Landing Generating Station",57267,"3",,2024,223,176.98,29782.99,,0.098,0.001,19419.67,0.059,1.287,0.0146,326773.05,"Pipeline Natural Gas",,"Combustion turbine",,"Dry Low NOx Burners|Selective Catalytic Reduction",,,"ARP"
"CA","Marsh Landing Generating Station",57267,"4",,2024,281,235.15,40408.49,,0.132,0.001,26080.622,0.059,1.597,0.0117,438853.022,"Pipeline Natural Gas",,"Combustion turbine",,"Dry Low NOx Burners|Selective Catalytic Reduction",,,"ARP"
"CA","Sentinel Energy Center, LLC",57482,"1",,2024,990,782.31,67655.2,,0.183,0.001,36297.394,0.0591,3.109,0.015,610785.139,"Pipeline Natural Gas",,"Combustion turbine",,"Water Injection|Selective Catalytic Reduction",,,"ARP"
"CA","Sentinel Energy Center, LLC",57482,"2",,2024,855,675.97,57643.3,,0.156,0.001,30917.183,0.0591,2.873,0.0165,520252.499,"Pipeline Natural Gas",,"Combustion turbine",,"Water Injection|Selective Catalytic Reduction",,,"ARP"
"CA","Sentinel Energy Center, LLC",57482,"3",,2024,0,0,,,,,,,,,,"Pipeline Natural Gas",,"Combustion turbine",,"Water Injection|Selective Catalytic Reduction",,,"ARP"
"CA","Sentinel Energy Center, LLC",57482,"4",,2024,868,673.61,56381.64,,0.159,0.001,31462.013,0.0591,2.781,0.0158,529406.062,"Pipeline Natural Gas",,"Combustion turbine",,"Water Injection|Selective Catalytic Reduction",,,"ARP"
"CA","Sentinel Energy Center, LLC",57482,"5",,2024,996,772.5,66475.95,,0.181,0.001,35760.931,0.0591,3.216,0.0163,601750.449,"Pipeline Natural Gas",,"Combustion turbine",,"Water Injection|Selective Catalytic Reduction",,,"ARP"
"CA","Sentinel Energy Center, LLC",57482,"6",,2024,890,698.53,59112.12,,0.163,0.001,32353.789,0.0591,2.741,0.0149,544409.395,"Pipeline Natural Gas",,"Combustion turbine",,"Water Injection|Selective Catalytic Reduction",,,"ARP"
"CA","Sentinel Energy Center, LLC",57482,"7",,2024,907,710.53,60559.7,,0.165,0.001,32627.1,0.0591,2.993,0.0167,549017.602,"Pipeline Natural Gas",,"Combustion turbine",,"Water Injection|Selective Catalytic Reduction",,,"ARP"
"CA","Sentinel Energy Center, LLC",57482,"8",,2024,960,755.91,65050.61,,0.176,0.001,34959.774,0.0591,3.13,0.0158,588262.722,"Pipeline Natural Gas",,"Combustion turbine",,"Water Injection|Selective Catalytic Reduction",,,"ARP"
"CA","Mariposa Energy Project",57483,"GT-1",,2024,742,574.88,23719.57,,0.069,0.001,13725.02,0.0592,1.157,0.0265,230948.38,"Pipeline Natural Gas",,"Combustion turbine",,"Selective Catalytic Reduction",,,"ARP"
"CA","Mariposa Energy Project",57483,"GT-2",,2024,824,645,25970.19,,0.076,0.001,15064.545,0.0592,1.225,0.0226,253506.65,"Pipeline Natural Gas",,"Combustion turbine",,"Selective Catalytic Reduction",,,"ARP"
"CA","Mariposa Energy Project",57483,"GT-3",,2024,793,610.38,24967.3,,0.072,0.001,14268.273,0.0593,1.209,0.0256,240071.622,"Pipeline Natural Gas",,"Combustion turbine",,"Selective Catalytic Reduction",,,"ARP"
"CA","Mariposa Energy Project",57483,"GT-4",,2024,725,568.28,22877.53,,0.067,0.001,13265.226,0.0592,1.127,0.0237,223225.49,"Pipeline Natural Gas",,"Combustion turbine",,"Selective Catalytic Reduction",,,"ARP"
"CA","Walnut Creek Energy Park",57515,"GT1",,2024,977,753.15,67677.48,,0.174,0.001,34536.56,0.0591,3.031,0.0217,581171.355,"Pipeline Natural Gas",,"Combustion turbine",,"Water Injection|Selective Catalytic Reduction",,,"ARP"
"CA","Walnut Creek Energy Park",57515,"GT2",,2024,926,708.88,64631.46,,0.167,0.001,33135.272,0.0591,2.915,0.022,557560.503,"Pipeline Natural Gas",,"Combustion turbine",,"Water Injection|Selective Catalytic Reduction",,,"ARP"
"CA","Walnut Creek Energy Park",57515,"GT3",,2024,1084,839.25,75239.55,,0.197,0.001,38945.155,0.0591,3.168,0.0208,655333.608,"Pipeline Natural Gas",,"Combustion turbine",,"Water Injection|Selective Catalytic Reduction",,,"ARP"
"CA","Walnut Creek Energy Park",57515,"GT4",,2024,383,276.59,23628.58,,0.063,0.001,12441.998,0.0591,1.185,0.0263,209374.142,"Pipeline Natural Gas",,"Combustion turbine",,"Water Injection|Selective Catalytic Reduction",,,"ARP"
"CA","Walnut Creek Energy Park",57515,"GT5",,2024,921,708.27,63302.63,,0.167,0.001,33059.447,0.0591,2.544,0.0203,556297.564,"Pipeline Natural Gas",,"Combustion turbine",,"Water Injection|Selective Catalytic Reduction",,,"ARP"
"CA","Pio Pico Energy Center LLC",57555,"CTG1",,2024,421,279.88,19510.66,,0.057,0.001,11201.25,0.0591,1.131,0.0241,188491.818,"Pipeline Natural Gas",,"Combustion turbine",,"Water Injection|Selective Catalytic Reduction",,,"ARP"
"CA","Pio Pico Energy Center LLC",57555,"CTG2",,2024,551,352.68,26858.31,,0.074,0.001,14669.368,0.0591,1.566,0.0274,246830.107,"Pipeline Natural Gas",,"Combustion turbine",,"Water Injection|Selective Catalytic Reduction",,,"ARP"
"CA","Pio Pico Energy Center LLC",57555,"CTG3",,2024,473,303.77,22306.65,,0.063,0.001,12381.512,0.0591,1.211,0.0257,208348.354,"Pipeline Natural Gas",,"Combustion turbine",,"Water Injection|Selective Catalytic Reduction",,,"ARP"
"CA","Algonquin Power Sanger",57564,"8",,2024,331,283.41,8270.02,,0.027,0.001,5410.074,0.0592,0.724,0.0217,91033.09,"Pipeline Natural Gas",,"Combined cycle",,"Water Injection|Selective Catalytic Reduction",,,"ARP"
"CA","Lodi Energy Center",57978,"CT1",,2024,3197,3113.47,518157.14,,1.667,0.001,330169.469,0.059,17.096,0.0081,5555736.84,"Pipeline Natural Gas",,"Combined cycle",,"Selective Catalytic Reduction",,,"ARP"
"CA","Delano Energy Center, LLC",58122,"GEN1",,2024,373,269.96,8172.24,,0.026,0.001,5079.609,0.0593,0.352,0.0097,85473.213,"Pipeline Natural Gas",,"Combustion turbine",,"Water Injection|Selective Catalytic Reduction",,,"ARP"
"CA","Stanton Energy Reliability Center",60698,"D1",,2024,96,46.04,1321.71,,0.004,0.001,843.168,0.0593,0.081,0.0215,14189.593,"Pipeline Natural Gas",,"Combustion turbine",,"Water Injection|Selective Catalytic Reduction",,,"ARP"
"CA","Stanton Energy Reliability Center",60698,"D7",,2024,88,44.62,1289.43,,0.004,0.001,825.835,0.0592,0.071,0.0164,13901.398,"Pipeline Natural Gas",,"Combustion turbine",,"Water Injection|Selective Catalytic Reduction",,,"ARP"
